Ref,Val,Package,PosX,PosY,Rot,Side
"BT1","LiPo 3.7V","Battery_Pads",124.500000,-51.000000,180.000000,top
"D1","1N4148WT","D_SOD-523",3.650000,-11.150000,90.000000,top
"D2","1N4148WT","D_SOD-523",20.650000,-11.150000,90.000000,top
"D3","1N4148WT","D_SOD-523",37.650000,-11.150000,90.000000,top
"D4","1N4148WT","D_SOD-523",54.650000,-11.150000,90.000000,top
"D5","1N4148WT","D_SOD-523",71.650000,-11.150000,90.000000,top
"D6","1N4148WT","D_SOD-523",88.650000,-11.150000,90.000000,top
"D7","1N4148WT","D_SOD-523",3.650000,-28.150000,90.000000,top
"D8","1N4148WT","D_SOD-523",20.650000,-28.150000,90.000000,top
"D9","1N4148WT","D_SOD-523",37.650000,-28.150000,90.000000,top
"D10","1N4148WT","D_SOD-523",54.650000,-28.150000,90.000000,top
"D11","1N4148WT","D_SOD-523",71.650000,-28.150000,90.000000,top
"D12","1N4148WT","D_SOD-523",88.650000,-28.150000,90.000000,top
"D13","1N4148WT","D_SOD-523",3.650000,-45.150000,90.000000,top
"D14","1N4148WT","D_SOD-523",20.650000,-45.150000,90.000000,top
"D15","1N4148WT","D_SOD-523",37.650000,-45.150000,90.000000,top
"D16","1N4148WT","D_SOD-523",54.650000,-45.150000,90.000000,top
"D17","1N4148WT","D_SOD-523",71.650000,-45.150000,90.000000,top
"D18","1N4148WT","D_SOD-523",88.650000,-45.150000,90.000000,top
"D19","1N4148WT","D_SOD-523",3.650000,-62.150000,90.000000,top
"D20","1N4148WT","D_SOD-523",20.650000,-62.150000,90.000000,top
"D21","1N4148WT","D_SOD-523",37.650000,-62.150000,90.000000,top
"D22","1N4148WT","D_SOD-523",54.650000,-62.150000,90.000000,top
"D23","1N4148WT","D_SOD-523",71.650000,-62.150000,90.000000,top
"D24","1N4148WT","D_SOD-523",88.650000,-62.150000,90.000000,top
"D25","1N4148WT","D_SOD-523",3.650000,-79.150000,90.000000,top
"D26","1N4148WT","D_SOD-523",20.650000,-79.150000,90.000000,top
"D27","1N4148WT","D_SOD-523",37.650000,-79.150000,90.000000,top
"D28","1N4148WT","D_SOD-523",54.650000,-79.150000,90.000000,top
"D29","1N4148WT","D_SOD-523",71.650000,-79.150000,90.000000,top
"D30","1N4148WT","D_SOD-523",88.650000,-79.150000,90.000000,top
"SW1","PG1316S","Kailh_PG1316S",12.150000,-12.150000,0.000000,top
"SW2","PG1316S","Kailh_PG1316S",29.150000,-12.150000,0.000000,top
"SW3","PG1316S","Kailh_PG1316S",46.150000,-12.150000,0.000000,top
"SW4","PG1316S","Kailh_PG1316S",63.150000,-12.150000,0.000000,top
"SW5","PG1316S","Kailh_PG1316S",80.150000,-12.150000,0.000000,top
"SW6","PG1316S","Kailh_PG1316S",97.150000,-12.150000,0.000000,top
"SW7","PG1316S","Kailh_PG1316S",12.150000,-29.150000,0.000000,top
"SW8","PG1316S","Kailh_PG1316S",29.150000,-29.150000,0.000000,top
"SW9","PG1316S","Kailh_PG1316S",46.150000,-29.150000,0.000000,top
"SW10","PG1316S","Kailh_PG1316S",63.150000,-29.150000,0.000000,top
"SW11","PG1316S","Kailh_PG1316S",80.150000,-29.150000,0.000000,top
"SW12","PG1316S","Kailh_PG1316S",97.150000,-29.150000,0.000000,top
"SW13","PG1316S","Kailh_PG1316S",12.150000,-46.150000,0.000000,top
"SW14","PG1316S","Kailh_PG1316S",29.150000,-46.150000,0.000000,top
"SW15","PG1316S","Kailh_PG1316S",46.150000,-46.150000,0.000000,top
"SW16","PG1316S","Kailh_PG1316S",63.150000,-46.150000,0.000000,top
"SW17","PG1316S","Kailh_PG1316S",80.150000,-46.150000,0.000000,top
"SW18","PG1316S","Kailh_PG1316S",97.150000,-46.150000,0.000000,top
"SW19","PG1316S","Kailh_PG1316S",12.150000,-63.150000,0.000000,top
"SW20","PG1316S","Kailh_PG1316S",29.150000,-63.150000,0.000000,top
"SW21","PG1316S","Kailh_PG1316S",46.150000,-63.150000,0.000000,top
"SW22","PG1316S","Kailh_PG1316S",63.150000,-63.150000,0.000000,top
"SW23","PG1316S","Kailh_PG1316S",80.150000,-63.150000,0.000000,top
"SW24","PG1316S","Kailh_PG1316S",97.150000,-63.150000,0.000000,top
"SW25","PG1316S","Kailh_PG1316S",12.150000,-80.150000,0.000000,top
"SW26","PG1316S","Kailh_PG1316S",29.150000,-80.150000,0.000000,top
"SW27","PG1316S","Kailh_PG1316S",46.150000,-80.150000,0.000000,top
"SW28","PG1316S","Kailh_PG1316S",63.150000,-80.150000,0.000000,top
"SW29","PG1316S","Kailh_PG1316S",80.150000,-80.150000,0.000000,top
"SW30","PG1316S","Kailh_PG1316S",97.150000,-80.150000,0.000000,top
"SW31","TS-1187A-B-A-B","SW_Push_1P1T_XKB_TS-1187A",116.500000,-53.000000,0.000000,top
"SW32","MSK12C02","SW_SPDT_PCM12",132.600000,-53.900000,90.000000,top
