Designator,Mid X,Mid Y,Layer,Rotation
D1,20.000mm,-9.750mm,Top,90.0
D2,38.000mm,-9.750mm,Top,90.0
D3,56.000mm,-9.750mm,Top,90.0
D4,74.000mm,-9.750mm,Top,90.0
D5,92.000mm,-9.750mm,Top,90.0
D6,110.000mm,-9.750mm,Top,90.0
D7,20.000mm,-26.750mm,Top,90.0
D8,38.000mm,-26.750mm,Top,90.0
D9,56.000mm,-26.750mm,Top,90.0
D10,74.000mm,-26.750mm,Top,90.0
D11,92.000mm,-26.750mm,Top,90.0
D12,110.000mm,-26.750mm,Top,90.0
D13,20.000mm,-43.750mm,Top,90.0
D14,38.000mm,-43.750mm,Top,90.0
D15,56.000mm,-43.750mm,Top,90.0
D16,74.000mm,-43.750mm,Top,90.0
D17,92.000mm,-43.750mm,Top,90.0
D18,110.000mm,-43.750mm,Top,90.0
D19,20.000mm,-60.750mm,Top,90.0
D20,38.000mm,-60.750mm,Top,90.0
D21,56.000mm,-60.750mm,Top,90.0
D22,74.000mm,-60.750mm,Top,90.0
D23,92.000mm,-60.750mm,Top,90.0
D24,110.000mm,-60.750mm,Top,90.0
D25,20.000mm,-77.750mm,Top,90.0
D26,38.000mm,-77.750mm,Top,90.0
D27,56.000mm,-77.750mm,Top,90.0
D28,74.000mm,-77.750mm,Top,90.0
D29,92.000mm,-77.750mm,Top,90.0
D30,110.000mm,-77.750mm,Top,90.0
SW31,118.600mm,-37.600mm,Top,0.0
SW32,133.200mm,-39.600mm,Top,90.0
