Item,Qty (both halves),Designators (per half),Part,Specification / part number,Where to buy,Unit price USD (est. 2026-09),Line total USD (est.),Notes
1,2 designs x 5 pcs,-,PCB left + PCB right,"2-layer FR4, 0.8 mm, ENIG, any colour, castellated holes: Yes; gerbers in hardware/pcb/fab/{left,right}/bayleaf-*-gerbers.zip",JLCPCB / PCBWay,30.00,60.00,Price per design incl. ENIG and JLC's castellated-hole fee (~$8 + area); the half-holes let you solder the switch contacts from below with an iron
2,60 (+4 spare),SW1-SW30,Key switch,"Kailh PG1316S (CPG1316S01D02), pick your weight (25/35/40/60 gf)","beekeeb, keycapsss, holykeebs, modulo.industries",1.00,64.00,"Frame anchors on a small hotplate, contacts by iron through the castellated half-holes (see docs/assembly.md)"
3,60,-,Keycap,Kailh PG1316S 1U keycap (16 x 16 mm),"keycapsss, holykeebs, modulo.industries",0.45,27.00,The original build used custom MJF-printed caps; stock Kailh caps fit the same switch
4,60 (+10 spare),D1-D30,Diode,"1N4148WT, SOD-523 (0.8 mm wide body; fits the 0.95 mm gap between keycaps)",LCSC / JLCPCB assembly,0.02,1.40,"Search ""1N4148WT"" in the LCSC/JLC catalogue; any SOD-523 small-signal diode works"
5,2,U1,Controller,"nice!nano v2 (nRF52840, mid-mount USB-C, 3.2 mm thick)","nicekeyboards.com, typeractive.xyz, boardsource, mechboards",25.00,50.00,"Soldered flush to the PCB, no headers/sockets"
6,2,BT1,Battery,"3.7 V LiPo pouch cell 302030 (3.0 x 20 x 30 mm, ~120-150 mAh) with protection circuit",AliExpress / Adafruit-style LiPo shops,4.00,8.00,Sits on the bottom plate in the PCB window under the controller roof; max 3.0 x 21 x 31 mm (the roof underside is >= 4.0 mm there)
8,2,SW31,Reset button,"C&K KMR211NGLFS (KMR2, 4.2 x 2.8 x 1.9 mm SMD tact switch) or a stocked KMR2-footprint clone",LCSC / JLCPCB assembly,0.30,0.60,"On the PCB's bottom, in a window of the bottom plate; hand-soldered (JLC economic assembly is top-side only). Double-tap = bootloader"
9,2,-,Case: one-piece top shell,"CNC 6061-T6, bead-blasted + anodised; hardware/case/out/bayleaf-shell-{left,right}[-chamfer].step; threads per docs/case-drawing.md",JLCCNC / PCBWay CNC / Xometry,85.00,170.00,"Estimate per half $70-110. Budget: MJF/SLS nylon prints of the same file, ~$12-20 per half"
9b,2 designs x 5 pcs,-,Bottom plate (FR4),"0.8 mm FR4 PCB without copper, black solder mask + silkscreen; gerbers in hardware/pcb/fab/plate-{left,right}/",JLCPCB / PCBWay,8.00,16.00,"Radio-transparent floor (the aluminium one shielded the nice!nano); windows for the switch solder, nice!nano pins, reset button and USB-C"
10,1 roll,-,Foam tape,Thin double-sided foam tape for the battery,Amazon / hobby shops,5.00,5.00,
11,1 roll,-,Kapton tape,Polyimide tape,Amazon / hobby shops,3.00,3.00,Under the nice!nano; the FR4 bottom plate needs no insulating film
12,8,-,Feet,"Clear silicone bumpons, 6-8 mm dia, <= 1.5 mm tall",Amazon / hobby shops,0.40,3.20,
13,6 + 8,-,Screws,"M2 x 3 (6x) and M2 x 2 (8x), thin/wafer head (head <= 0.5 mm, dia 4 mm), e.g. laptop screw assortment",Amazon / AliExpress,0.40,5.60,"7 per half: M2 x 2 in the 4 posts under the 3.2 mm rim, M2 x 3 in the other 3; see docs/case-drawing.md"
14,1,-,Shipping,PCB order + switches/keycaps + controllers,-,35.00,35.00,Very rough; depends on country and shipping speed
,,,,,,,,
,,,"ELECTRONICS ONLY (items 1-2, 4-6 and 8)",,,,184.00,"PCBs, switches, diodes, nice!nanos, cells, reset buttons; excl. keycaps, case, consumables, shipping"
,,,TOTAL (aluminium case),,,,448.80,"Single build, parts incl. spares; excludes tools"
,,,TOTAL (printed nylon case),,,,308.80,"Same, with ~$30 of MJF/SLS nylon shells instead of CNC aluminium"
,,,Optional: JLCPCB assembly of D1-D30,,,,35.00,"~$17 per design (setup + extended-part fee), saves soldering 60 small diodes"
,,,Optional: SMT stencils,,,,14.00,One per design (F.Paste layer is in the gerber zip)
,,,Tools if you have none,"Mini hotplate (e.g. Miniware MHP30 or a cheap 50x50 mm plate), fine-tip iron, low-temp solder paste Sn42Bi58, solder wire, flux, Phillips #00 driver",,,60-120,
